dito1,dito2,dito3,dito4,target
3034,5442,3698,3805,0
3034,5442,3698,3805,0
3062,5439,3709,3813,0
3062,5439,3709,3813,0
3074,5413,3696,3818,0
3074,5413,3696,3818,0
3083,5348,3641,3816,0
3083,5348,3641,3816,0
3082,5318,3615,3819,0
3082,5318,3615,3819,0
3136,5322,3622,3828,0
3136,5322,3622,3828,0
3155,5337,3630,3839,0
3155,5337,3630,3839,0
3169,5349,3636,3842,0
3169,5349,3636,3842,0
3167,5365,3635,3844,0
3167,5365,3635,3844,0
3160,5373,3624,3831,0
3160,5373,3624,3831,0
3139,5376,3619,3799,0
3139,5376,3619,3799,0
3148,5381,3617,3795,0
3148,5381,3617,3795,0
3158,5365,3546,3765,0
3158,5365,3546,3765,0
3162,5221,3438,3720,0
3162,5221,3438,3720,0
3158,5170,3407,3697,0
3158,5170,3407,3697,0
3147,5061,3336,3645,0
3147,5061,3336,3645,0
3128,4972,3312,3637,0
3128,4972,3312,3637,0
3117,4944,3307,3638,0
3117,4944,3307,3638,0
3094,4912,3297,3617,0
3094,4912,3297,3617,0
3071,4860,3263,3575,0
3071,4860,3263,3575,0
3049,4816,3218,3534,0
3049,4816,3218,3534,0
3028,4777,3195,3510,0
3028,4777,3195,3510,0
3012,4744,3179,3493,0
3012,4744,3179,3493,0
3018,4708,3148,3476,0
3018,4708,3148,3476,0
3013,4673,3133,3446,0
3013,4673,3133,3446,0
2992,4659,3128,3438,0
2992,4659,3128,3438,0
2986,4631,3121,3440,0
2986,4631,3121,3440,0
2991,4598,3107,3429,0
2991,4598,3107,3429,0
2975,4573,3087,3391,0
2975,4573,3087,3391,0
2971,4566,3081,3372,0
2971,4566,3081,3372,0
2973,4562,3071,3338,0
2973,4562,3071,3338,0
3058,4561,3060,3316,0
3058,4561,3060,3316,0
3069,4567,3072,3326,0
3069,4567,3072,3326,0
3079,4575,3090,3347,0
3079,4575,3090,3347,0
3039,4592,3107,3388,0
3039,4592,3107,3388,0
3081,4599,3118,3409,0
3081,4599,3118,3409,0
3093,4599,3123,3409,0
3093,4599,3123,3409,0
3100,4597,3122,3408,0
3100,4597,3122,3408,0
3112,4593,3122,3403,0
3112,4593,3122,3403,0
3058,4597,3122,3405,0
3058,4597,3122,3405,0
3076,4690,3170,3446,0
3076,4690,3170,3446,0
3049,4907,3433,3554,0
3049,4907,3433,3554,0
3040,5052,3537,3608,0
3040,5052,3537,3608,0
3052,5152,3627,3656,0
3052,5152,3627,3656,0
3069,5200,3695,3704,0
3069,5200,3695,3704,0
3070,5217,3696,3730,0
3070,5217,3696,3730,0
3074,5176,3599,3740,0
3074,5176,3599,3740,0
3074,5172,3568,3727,0
3074,5172,3568,3727,0
3065,5212,3625,3796,0
3065,5212,3625,3796,0
3073,5266,3685,3853,0
3073,5266,3685,3853,0
3172,5374,3544,3589,0
3172,5374,3544,3589,0
3178,5374,3544,3590,0
3178,5374,3544,3590,0
3179,5372,3539,3596,0
3179,5372,3539,3596,0
3153,5354,3506,3597,0
3153,5354,3506,3597,0
3116,5273,3447,3588,0
3116,5273,3447,3588,0
3098,5145,3378,3546,0
3098,5145,3378,3546,0
3083,4934,3262,3480,0
3083,4934,3262,3480,0
3075,4692,3123,3363,0
3075,4692,3123,3363,0
3072,4530,3005,3261,0
3072,4530,3005,3261,0
3050,4538,3020,3280,0
3050,4538,3020,3280,0
3049,4557,3037,3294,0
3049,4557,3037,3294,0
3064,4557,3029,3239,0
3064,4557,3029,3239,0
3093,4545,3000,3201,0
3093,4545,3000,3201,0
3126,4529,2989,3200,0
3126,4529,2989,3200,0
3142,4541,3001,3213,0
3142,4541,3001,3213,0
3206,4561,3011,3227,0
3206,4561,3011,3227,0
3205,4559,3007,3228,0
3205,4559,3007,3228,0
3090,4531,2993,3200,0
3090,4531,2993,3200,0
3041,4564,3006,3226,0
3041,4564,3006,3226,0
3005,4656,3063,3309,0
3005,4656,3063,3309,0
2990,4713,3107,3366,0
2990,4713,3107,3366,0
2982,4782,3157,3431,0
2982,4782,3157,3431,0
2985,4836,3215,3498,0
2985,4836,3215,3498,0
3004,4957,3248,3531,0
3004,4957,3248,3531,0
3028,5084,3304,3547,0
3028,5084,3304,3547,0
3060,5195,3414,3592,0
3060,5195,3414,3592,0
3134,5334,3572,3780,0
3134,5334,3572,3780,0
3180,5467,3668,3917,0
3180,5467,3668,3917,0
3206,5549,3709,3962,0
3206,5549,3709,3962,0
3219,5586,3749,4045,0
3219,5586,3749,4045,0
3220,5593,3750,3989,0
3220,5593,3750,3989,0
3124,5468,3544,3653,0
3124,5468,3544,3653,0
3073,5323,3381,3546,0
3073,5323,3381,3546,0
3054,5223,3328,3511,0
3054,5223,3328,3511,0
3043,5085,3270,3490,0
3043,5085,3270,3490,0
3043,5011,3297,3545,0
3043,5011,3297,3545,0
3061,4993,3449,3611,0
3061,4993,3449,3611,0
3105,4969,3546,3629,0
3105,4969,3546,3629,0
3120,4758,3262,3400,0
3120,4758,3262,3400,0
2937,4619,3049,3273,0
2937,4619,3049,3273,0
2933,4561,2985,3234,0
2933,4561,2985,3234,0
2918,4554,2974,3237,0
2918,4554,2974,3237,0
2945,4549,2957,3226,0
2945,4549,2957,3226,0
2936,4581,2973,3253,0
2936,4581,2973,3253,0
2855,4655,3022,3318,0
2855,4655,3022,3318,0
2846,4746,3105,3404,0
2846,4746,3105,3404,0
2948,4817,3194,3488,0
2948,4817,3194,3488,0
3092,4947,3433,3594,0
3092,4947,3433,3594,0
3105,5065,3693,3760,0
3105,5065,3693,3760,0
3065,5167,3840,3877,0
3065,5167,3840,3877,0
3012,4878,3159,3392,0
3012,4878,3159,3392,0
3015,4887,3166,3405,0
3015,4887,3166,3405,0
3016,4895,3173,3415,0
3016,4895,3173,3415,0
3013,4907,3177,3426,0
3013,4907,3177,3426,0
3013,4916,3184,3431,0
3013,4916,3184,3431,0
3010,4924,3191,3434,0
3010,4924,3191,3434,0
3009,4935,3203,3435,0
3009,4935,3203,3435,0
3012,4943,3209,3436,0
3012,4943,3209,3436,0
3009,4959,3216,3443,0
3009,4959,3216,3443,0
3004,4975,3223,3451,0
3004,4975,3223,3451,0
3006,4977,3228,3458,0
3006,4977,3228,3458,0
3011,4978,3232,3458,0
3011,4978,3232,3458,0
3010,4991,3234,3459,0
3010,4991,3234,3459,0
3020,5006,3243,3464,0
3020,5006,3243,3464,0
3025,5024,3251,3462,0
3025,5024,3251,3462,0
3031,5053,3257,3470,0
3031,5053,3257,3470,0
3033,5022,3234,3469,0
3033,5022,3234,3469,0
3030,5006,3223,3469,0
3030,5006,3223,3469,0
3036,4985,3215,3466,0
3036,4985,3215,3466,0
3040,4978,3213,3469,0
3040,4978,3213,3469,0
3046,4978,3214,3472,0
3046,4978,3214,3472,0
3049,4980,3215,3474,0
3049,4980,3215,3474,0
3049,4980,3213,3472,0
3049,4980,3213,3472,0
3054,4975,3206,3466,0
3054,4975,3206,3466,0
3052,4962,3193,3463,0
3052,4962,3193,3463,0
3050,4936,3158,3450,0
3050,4936,3158,3450,0
3052,4929,3136,3434,0
3052,4929,3136,3434,0
3066,4902,3099,3415,0
3066,4902,3099,3415,0
3085,4799,3058,3397,0
3085,4799,3058,3397,0
3091,4699,2991,3344,0
3091,4699,2991,3344,0
3091,4639,2950,3313,0
3091,4639,2950,3313,0
3099,4599,2922,3273,0
3099,4599,2922,3273,0
3111,4577,2904,3246,0
3111,4577,2904,3246,0
3110,4549,2881,3214,0
3110,4549,2881,3214,0
3121,4545,2889,3217,0
3121,4545,2889,3217,0
3103,4566,2932,3280,0
3103,4566,2932,3280,0
3063,4660,3022,3375,0
3063,4660,3022,3375,0
3039,4772,3118,3462,0
3039,4772,3118,3462,0
3031,4862,3190,3546,0
3031,4862,3190,3546,0
3022,4906,3219,3592,0
3022,4906,3219,3592,0
3017,4976,3333,3724,0
3017,4976,3333,3724,0
3083,5084,3548,3916,0
3083,5084,3548,3916,0
3152,5205,3718,4029,0
3152,5205,3718,4029,0
3203,5338,3870,4196,0
3203,5338,3870,4196,0
3243,5463,3947,4289,0
3243,5463,3947,4289,0
3251,5535,3997,4333,0
3251,5535,3997,4333,0
3165,5578,3945,4124,0
3165,5578,3945,4124,0
3097,5577,3797,3972,0
3097,5577,3797,3972,0
3122,5621,3847,4111,0
3122,5621,3847,4111,0
3166,5569,3770,4085,0
3166,5569,3770,4085,0
3317,4844,211,3839,0
3317,4844,211,3839,0
3318,4838,211,3840,0
3318,4838,211,3840,0
3317,4824,210,3838,0
3317,4824,210,3838,0
3307,4711,211,3740,0
3307,4711,211,3740,0
3300,4482,210,3636,0
3300,4482,210,3636,0
3283,4261,210,3564,0
3283,4261,210,3564,0
3276,4190,210,3553,0
3276,4190,210,3553,0
3273,4267,210,3590,0
3273,4267,210,3590,0
3275,4477,210,3661,0
3275,4477,210,3661,0
3284,4566,210,3690,0
3284,4566,210,3690,0
3289,4560,210,3696,0
3289,4560,210,3696,0
3293,4479,210,3679,0
3293,4479,210,3679,0
3291,4405,210,3657,0
3291,4405,210,3657,0
3268,4329,210,3631,0
3268,4329,210,3631,0
3245,4274,210,3588,0
3245,4274,210,3588,0
3223,4230,209,3569,0
3223,4230,209,3569,0
3213,4151,209,3545,0
3213,4151,209,3545,0
3208,4087,209,3517,0
3208,4087,209,3517,0
3199,4069,210,3504,0
3199,4069,210,3504,0
3212,4082,210,3514,0
3212,4082,210,3514,0
3203,4245,210,3580,0
3203,4245,210,3580,0
3220,4333,210,3619,0
3220,4333,210,3619,0
3235,4367,210,3630,0
3235,4367,210,3630,0
3252,4377,210,3632,0
3252,4377,210,3632,0
3251,4355,210,3633,0
3251,4355,210,3633,0
3224,4290,210,3616,0
3224,4290,210,3616,0
3216,4209,210,3575,0
3216,4209,210,3575,0
3204,4137,210,3553,0
3204,4137,210,3553,0
3202,4221,211,3593,0
3202,4221,211,3593,0
3208,4362,210,3624,0
3208,4362,210,3624,0
3211,4499,210,3665,0
3211,4499,210,3665,0
3211,4613,210,3702,0
3211,4613,210,3702,0
3204,4648,209,3722,0
3204,4648,209,3722,0
3217,4626,209,3728,0
3217,4626,209,3728,0
3215,4489,209,3660,0
3215,4489,209,3660,0
3221,4388,209,3594,0
3221,4388,209,3594,0
3209,4328,209,3573,0
3209,4328,209,3573,0
3122,4260,210,3558,0
3122,4260,210,3558,0
3064,4239,210,3552,0
3064,4239,210,3552,0
3056,4247,209,3561,0
3056,4247,209,3561,0
3060,4255,210,3570,0
3060,4255,210,3570,0
3091,4267,210,3575,0
3091,4267,210,3575,0
3114,4274,210,3579,0
3114,4274,210,3579,0
3112,4270,210,3579,0
3112,4270,210,3579,0
3071,4268,210,3554,0
3071,4268,210,3554,0
3115,4274,210,3552,0
3115,4274,210,3552,0
3139,4282,210,3564,0
3139,4282,210,3564,0
3060,4281,210,3562,0
3060,4281,210,3562,0
3090,4209,209,3539,0
3090,4209,209,3539,0
3039,4147,210,3496,0
3039,4147,210,3496,0
2979,4379,210,3590,0
2979,4379,210,3590,0
2968,4354,210,3548,0
2968,4354,210,3548,0
2948,4238,209,3471,0
2948,4238,209,3471,0
2936,4135,209,3425,0
2936,4135,209,3425,0
2935,4070,209,3401,0
2935,4070,209,3401,0
2938,4035,209,3385,0
2938,4035,209,3385,0
2935,4017,209,3382,0
2935,4017,209,3382,0
2946,4031,209,3393,0
2946,4031,209,3393,0
2960,4140,209,3465,0
2960,4140,209,3465,0
2978,4195,209,3515,0
2978,4195,209,3515,0
3010,4232,209,3530,0
3010,4232,209,3530,0
3023,4243,209,3541,0
3023,4243,209,3541,0
3018,4250,209,3557,0
3018,4250,209,3557,0
3025,4260,210,3581,0
3025,4260,210,3581,0
3030,4267,209,3619,0
3030,4267,209,3619,0
3023,4269,209,3640,0
3023,4269,209,3640,0
3039,4232,208,3536,0
3039,4232,208,3536,0
3039,4164,209,3452,0
3039,4164,209,3452,0
3036,4090,209,3420,0
3036,4090,209,3420,0
3022,4074,209,3429,0
3022,4074,209,3429,0
3024,4084,209,3452,0
3024,4084,209,3452,0
3039,4186,209,3523,0
3039,4186,209,3523,0
3011,4292,209,3586,0
3011,4292,209,3586,0
3029,4325,209,3606,0
3029,4325,209,3606,0
3025,4329,208,3610,0
3025,4329,208,3610,0
3033,4271,209,3592,0
3033,4271,209,3592,0
3015,4205,209,3570,0
3015,4205,209,3570,0
2995,4154,209,3546,0
2995,4154,209,3546,0
2922,4114,209,3526,0
2922,4114,209,3526,0
2907,4089,209,3509,0
2907,4089,209,3509,0
2932,4075,210,3503,0
2932,4075,210,3503,0
2929,4082,209,3512,0
2929,4082,209,3512,0
2930,4249,209,3576,0
2930,4249,209,3576,0
2934,4402,209,3604,0
2934,4402,209,3604,0
2952,4474,209,3629,0
2952,4474,209,3629,0
2964,4492,209,3651,0
2964,4492,209,3651,0
2992,4502,210,3680,0
2992,4502,210,3680,0
2991,4498,210,3700,0
2991,4498,210,3700,0
2987,4411,209,3676,0
2987,4411,209,3676,0
2945,4332,210,3576,0
2945,4332,210,3576,0
2955,4264,210,3527,0
2955,4264,210,3527,0
2952,4202,209,3482,0
2952,4202,209,3482,0
2973,4152,209,3481,0
2973,4152,209,3481,0
2934,4109,209,3477,0
2934,4109,209,3477,0
2985,4057,210,3469,0
2985,4057,210,3469,0
2985,4028,209,3454,0
2985,4028,209,3454,0
2982,4030,209,3455,0
2982,4030,209,3455,0
2970,4061,209,3482,0
2970,4061,209,3482,0
2992,4108,209,3520,0
2992,4108,209,3520,0
3028,4124,209,3535,0
3028,4124,209,3535,0
2907,4900,210,3807,0
2907,4900,210,3807,0
2904,4938,209,3888,0
2904,4938,209,3888,0
2921,4960,210,3921,0
2921,4960,210,3921,0
2923,4809,210,3837,0
2923,4809,210,3837,0
2915,4470,209,3683,0
2915,4470,209,3683,0
2921,4273,209,3601,0
2921,4273,209,3601,0
2910,4180,210,3599,0
2910,4180,210,3599,0
2893,4155,209,3625,0
2893,4155,209,3625,0
2933,4140,209,3618,0
2933,4140,209,3618,0
2981,4304,209,3690,0
2981,4304,209,3690,0
3009,4447,210,3739,0
3009,4447,210,3739,0
3017,4502,210,3755,0
3017,4502,210,3755,0
3004,4440,209,3696,0
3004,4440,209,3696,0
2962,4350,209,3647,0
2962,4350,209,3647,0
2925,4279,209,3629,0
2925,4279,209,3629,0
2907,4281,209,3627,0
2907,4281,209,3627,0
2888,4256,209,3613,0
2888,4256,209,3613,0
2883,4221,209,3594,0
2883,4221,209,3594,0
2888,4153,209,3569,0
2888,4153,209,3569,0
2885,4118,208,3549,0
2885,4118,208,3549,0
2759,4138,208,3554,0
2759,4138,208,3554,0
2709,4308,209,3611,0
2709,4308,209,3611,0
2883,4361,209,3625,0
2883,4361,209,3625,0
2912,4375,210,3633,0
2912,4375,210,3633,0
2926,4363,209,3633,0
2926,4363,209,3633,0
2949,4297,209,3607,0
2949,4297,209,3607,0
2875,4249,209,3584,0
2875,4249,209,3584,0
2923,4192,209,3564,0
2923,4192,209,3564,0
2909,4107,210,3538,0
2909,4107,210,3538,0
2900,4011,209,3516,0
2900,4011,209,3516,0
2885,3956,209,3505,0
2885,3956,209,3505,0
2887,3936,210,3502,0
2887,3936,210,3502,0
2889,3951,209,3511,0
2889,3951,209,3511,0
2914,4051,209,3531,0
2914,4051,209,3531,0
2939,4098,210,3535,0
2939,4098,210,3535,0
3027,4133,209,3539,0
3027,4133,209,3539,0
3060,4164,209,3540,0
3060,4164,209,3540,0
3055,4195,210,3547,0
3055,4195,210,3547,0
3012,4285,208,3557,0
3012,4285,208,3557,0
3044,4322,209,3564,0
3044,4322,209,3564,0
3047,4238,209,3563,0
3047,4238,209,3563,0
3039,4132,209,3553,0
3039,4132,209,3553,0
3027,4048,209,3544,0
3027,4048,209,3544,0
3025,4019,209,3553,0
3025,4019,209,3553,0
3020,4008,209,3558,0
3020,4008,209,3558,0
3024,4110,209,3614,0
3024,4110,209,3614,0
3037,4227,209,3678,0
3037,4227,209,3678,0
3044,4275,209,3679,0
3044,4275,209,3679,0
3045,4307,210,3673,0
3045,4307,210,3673,0
3029,4323,209,3669,0
3029,4323,209,3669,0
2925,4888,209,3930,0
2925,4888,209,3930,0
2884,4943,209,3917,0
2884,4943,209,3917,0
2883,5002,209,3910,0
2883,5002,209,3910,0
2939,5027,210,3903,0
2939,5027,210,3903,0
2943,4776,210,3919,0
2943,4776,210,3919,0
2934,4761,210,3936,0
2934,4761,210,3936,0
2930,4751,210,4115,0
2930,4751,210,4115,0
2911,4719,210,3903,0
2911,4719,210,3903,0
2854,4552,209,3693,0
2854,4552,209,3693,0
2812,4316,209,3517,0
2812,4316,209,3517,0
2832,4176,210,3471,0
2832,4176,210,3471,0
2842,4228,209,3547,0
2842,4228,209,3547,0
2849,4414,210,3613,0
2849,4414,210,3613,0
2860,4473,210,3621,0
2860,4473,210,3621,0
2863,4466,210,3638,0
2863,4466,210,3638,0
2856,4404,210,3634,0
2856,4404,210,3634,0
2822,4385,209,3624,0
2822,4385,209,3624,0
2827,4346,209,3590,0
2827,4346,209,3590,0
2744,4248,209,3566,0
2744,4248,209,3566,0
2698,4176,209,3561,0
2698,4176,209,3561,0
2691,4188,209,3555,0
2691,4188,209,3555,0
2761,4227,210,3544,0
2761,4227,210,3544,0
2782,4148,210,3537,0
2782,4148,210,3537,0
2813,4140,209,3525,0
2813,4140,209,3525,0
2833,4171,209,3505,0
2833,4171,209,3505,0
2833,4174,210,3503,0
2833,4174,210,3503,0
2815,4154,210,3526,0
2815,4154,210,3526,0
2779,4150,209,3554,0
2779,4150,209,3554,0
2747,4149,209,3566,0
2747,4149,209,3566,0
2738,4163,210,3580,0
2738,4163,210,3580,0
2733,4190,209,3458,0
2733,4190,209,3458,0
2738,4272,209,3437,0
2738,4272,209,3437,0
2754,4413,209,3514,0
2754,4413,209,3514,0
2758,4476,210,3546,0
2758,4476,210,3546,0
2765,4489,210,3556,0
2765,4489,210,3556,0
2775,4438,209,3556,0
2775,4438,209,3556,0
2768,4316,209,3528,0
2768,4316,209,3528,0
2768,4256,209,3506,0
2768,4256,209,3506,0
2773,4233,209,3497,0
2773,4233,209,3497,0
2777,4178,209,3512,0
2777,4178,209,3512,0
2770,4127,209,3528,0
2770,4127,209,3528,0
2782,4209,209,3563,0
2782,4209,209,3563,0
2789,4376,209,3605,0
2789,4376,209,3605,0
2793,4519,210,3660,0
2793,4519,210,3660,0
2783,4639,210,3703,0
2783,4639,210,3703,0
2803,4696,210,3736,0
2803,4696,210,3736,0
2815,4712,209,3752,0
2815,4712,209,3752,0
2814,4625,209,3679,0
2814,4625,209,3679,0
2808,4601,208,3648,0
2808,4601,208,3648,0
2804,4641,209,3675,0
2804,4641,209,3675,0
2461,4616,226,4288,0
2461,4616,226,4288,0
2450,4607,226,4299,0
2450,4607,226,4299,0
2485,4605,226,4377,0
2485,4605,226,4377,0
2564,4622,226,4459,0
2564,4622,226,4459,0
2624,4639,227,4489,0
2624,4639,227,4489,0
2661,4659,226,4493,0
2661,4659,226,4493,0
2711,4669,226,4477,0
2711,4669,226,4477,0
2783,4670,225,4427,0
2783,4670,225,4427,0
2831,4658,226,4400,0
2831,4658,226,4400,0
2914,4637,226,4363,0
2914,4637,226,4363,0
2992,4615,226,4330,0
2992,4615,226,4330,0
3083,4624,226,4322,0
3083,4624,226,4322,0
3203,4634,226,4326,0
3203,4634,226,4326,0
3274,4647,226,4335,0
3274,4647,226,4335,0
3302,4656,226,4339,0
3302,4656,226,4339,0
3309,4656,226,4336,0
3309,4656,226,4336,0
3082,4642,226,4321,0
3082,4642,226,4321,0
2895,4627,227,4298,0
2895,4627,227,4298,0
2744,4603,226,4264,0
2744,4603,226,4264,0
2644,4565,226,4247,0
2644,4565,226,4247,0
2601,4572,226,4236,0
2601,4572,226,4236,0
2555,4580,226,4223,0
2555,4580,226,4223,0
2519,4588,226,4209,0
2519,4588,226,4209,0
2487,4595,226,4186,0
2487,4595,226,4186,0
2458,4596,226,4161,0
2458,4596,226,4161,0
2440,4596,225,4118,0
2440,4596,225,4118,0
2427,4590,225,4100,0
2427,4590,225,4100,0
2418,4591,225,4095,0
2418,4591,225,4095,0
2405,4596,225,4089,0
2405,4596,225,4089,0
2414,4598,225,4095,0
2414,4598,225,4095,0
2418,4598,225,4098,0
2418,4598,225,4098,0
2410,4597,226,4099,0
2410,4597,226,4099,0
2490,4591,225,4136,0
2490,4591,225,4136,0
2651,4649,226,4238,0
2651,4649,226,4238,0
2707,4678,225,4279,0
2707,4678,225,4279,0
2711,4673,226,4289,0
2711,4673,226,4289,0
2697,4663,226,4266,0
2697,4663,226,4266,0
2706,4659,225,4170,0
2706,4659,225,4170,0
2708,4696,225,4204,0
2708,4696,225,4204,0
2826,4795,225,4430,0
2826,4795,225,4430,0
2937,4909,226,4756,0
2937,4909,226,4756,0
2980,4955,225,4868,0
2980,4955,225,4868,0
2987,4956,226,4801,0
2987,4956,226,4801,0
2987,4936,225,4691,0
2987,4936,225,4691,0
2955,4923,226,4631,0
2955,4923,226,4631,0
2885,4845,226,4549,0
2885,4845,226,4549,0
2835,4772,226,4390,0
2835,4772,226,4390,0
2822,4694,226,4299,0
2822,4694,226,4299,0
2833,4609,225,4141,0
2833,4609,225,4141,0
2841,4594,226,4147,0
2841,4594,226,4147,0
2928,4913,225,4481,0
2928,4913,225,4481,0
2930,4915,225,4483,0
2930,4915,225,4483,0
2927,4916,225,4487,0
2927,4916,225,4487,0
2935,4920,226,4487,0
2935,4920,226,4487,0
2924,4922,225,4488,0
2924,4922,225,4488,0
2911,4924,226,4490,0
2911,4924,226,4490,0
2930,4925,226,4492,0
2930,4925,226,4492,0
2934,4928,225,4494,0
2934,4928,225,4494,0
2947,4930,225,4496,0
2947,4930,225,4496,0
2954,4931,225,4500,0
2954,4931,225,4500,0
2987,4936,226,4500,0
2987,4936,226,4500,0
3026,4948,225,4505,0
3026,4948,225,4505,0
3048,4957,226,4508,0
3048,4957,226,4508,0
3054,4964,226,4509,0
3054,4964,226,4509,0
3044,4968,226,4507,0
3044,4968,226,4507,0
3032,4972,226,4499,0
3032,4972,226,4499,0
3003,4971,226,4486,0
3003,4971,226,4486,0
2962,4968,226,4463,0
2962,4968,226,4463,0
2940,4961,226,4434,0
2940,4961,226,4434,0
2922,4956,225,4406,0
2922,4956,225,4406,0
2899,4958,225,4383,0
2899,4958,225,4383,0
2886,4949,225,4297,0
2886,4949,225,4297,0
2863,4934,225,4223,0
2863,4934,225,4223,0
2836,4909,224,4149,0
2836,4909,224,4149,0
2811,4892,225,4113,0
2811,4892,225,4113,0
2748,4869,225,4077,0
2748,4869,225,4077,0
2653,4827,225,4044,0
2653,4827,225,4044,0
2664,4790,225,4024,0
2664,4790,225,4024,0
2686,4782,225,4033,0
2686,4782,225,4033,0
2733,4786,225,4057,0
2733,4786,225,4057,0
2854,4828,225,4157,0
2854,4828,225,4157,0
2995,4883,225,4286,0
2995,4883,225,4286,0
3062,4921,226,4364,0
3062,4921,226,4364,0
3064,4936,225,4383,0
3064,4936,225,4383,0
3070,4948,226,4392,0
3070,4948,226,4392,0
3106,4960,225,4453,0
3106,4960,225,4453,0
3184,5017,225,4619,0
3184,5017,225,4619,0
3206,5059,226,4699,0
3206,5059,226,4699,0
3205,5073,225,4692,0
3205,5073,225,4692,0
3184,5063,225,4628,0
3184,5063,225,4628,0
3178,5041,225,4496,0
3178,5041,225,4496,0
3181,5009,225,4401,0
3181,5009,225,4401,0
3146,4945,225,4322,0
3146,4945,225,4322,0
3086,4853,225,4204,0
3086,4853,225,4204,0
3041,4815,225,4203,0
3041,4815,225,4203,0
3070,4938,225,4448,0
3070,4938,225,4448,0
3095,5027,225,4753,0
3095,5027,225,4753,0
3106,5063,226,4856,0
3106,5063,226,4856,0
3121,5096,225,4926,0
3121,5096,225,4926,0
3138,5143,225,4963,0
3138,5143,225,4963,0
4259,6717,5113,5612,1
4259,6717,5113,5612,1
4251,6690,5109,5606,1
4251,6690,5109,5606,1
4255,6697,5111,5611,1
4255,6697,5111,5611,1
4267,6682,5098,5607,1
4267,6682,5098,5607,1
4276,6651,5075,5604,1
4276,6651,5075,5604,1
4275,6642,5067,5603,1
4275,6642,5067,5603,1
4250,6642,5064,5606,1
4250,6642,5064,5606,1
4270,6632,5051,5606,1
4270,6632,5051,5606,1
4259,6608,5030,5599,1
4259,6608,5030,5599,1
4252,6588,5007,5576,1
4252,6588,5007,5576,1
4266,6594,5003,5576,1
4266,6594,5003,5576,1
4274,6595,5005,5578,1
4274,6595,5005,5578,1
4261,6609,5014,5588,1
4261,6609,5014,5588,1
4251,6581,4985,5559,1
4251,6581,4985,5559,1
4248,6569,4965,5537,1
4248,6569,4965,5537,1
4239,6581,4967,5541,1
4239,6581,4967,5541,1
4245,6595,4970,5546,1
4245,6595,4970,5546,1
4234,6598,4972,5552,1
4234,6598,4972,5552,1
4212,6597,4969,5554,1
4212,6597,4969,5554,1
4193,6583,4949,5543,1
4193,6583,4949,5543,1
4190,6578,4949,5543,1
4190,6578,4949,5543,1
4204,6581,4953,5541,1
4204,6581,4953,5541,1
4196,6585,4963,5544,1
4196,6585,4963,5544,1
4200,6586,4967,5545,1
4200,6586,4967,5545,1
4188,6586,4966,5544,1
4188,6586,4966,5544,1
4194,6588,4968,5546,1
4194,6588,4968,5546,1
4186,6592,4973,5550,1
4186,6592,4973,5550,1
4172,6596,4977,5551,1
4172,6596,4977,5551,1
4179,6606,4981,5557,1
4179,6606,4981,5557,1
4186,6612,4985,5561,1
4186,6612,4985,5561,1
4192,6614,4989,5562,1
4192,6614,4989,5562,1
4192,6618,4990,5563,1
4192,6618,4990,5563,1
4189,6617,4988,5561,1
4189,6617,4988,5561,1
4184,6616,4987,5561,1
4184,6616,4987,5561,1
4182,6617,4987,5562,1
4182,6617,4987,5562,1
4152,6617,4987,5562,1
4152,6617,4987,5562,1
4170,6618,4988,5564,1
4170,6618,4988,5564,1
4162,6619,4988,5564,1
4162,6619,4988,5564,1
4157,6621,4986,5564,1
4157,6621,4986,5564,1
4169,6623,4987,5567,1
4169,6623,4987,5567,1
4191,6621,4989,5566,1
4191,6621,4989,5566,1
4212,6618,4986,5564,1
4212,6618,4986,5564,1
4212,6619,4986,5561,1
4212,6619,4986,5561,1
4208,6620,4986,5563,1
4208,6620,4986,5563,1
4184,6619,4986,5566,1
4184,6619,4986,5566,1
4172,6621,4988,5567,1
4172,6621,4988,5567,1
4192,6622,4989,5568,1
4192,6622,4989,5568,1
4193,6624,4987,5568,1
4193,6624,4987,5568,1
4208,6622,4989,5568,1
4208,6622,4989,5568,1
4209,6626,4988,5569,1
4209,6626,4988,5569,1
4832,8078,6383,6769,1
4832,8078,6383,6769,1
4807,8080,6379,6764,1
4807,8080,6379,6764,1
4791,8073,6360,6742,1
4791,8073,6360,6742,1
4814,8052,6312,6707,1
4814,8052,6312,6707,1
4837,7946,6144,6600,1
4837,7946,6144,6600,1
4841,7861,5989,6484,1
4841,7861,5989,6484,1
4871,7829,5926,6439,1
4871,7829,5926,6439,1
4872,7822,5914,6435,1
4872,7822,5914,6435,1
4889,7820,5924,6444,1
4889,7820,5924,6444,1
4891,7810,5929,6452,1
4891,7810,5929,6452,1
4885,7812,5932,6457,1
4885,7812,5932,6457,1
4894,7917,6006,6494,1
4894,7917,6006,6494,1
4914,7999,6191,6565,1
4914,7999,6191,6565,1
4942,8026,6284,6621,1
4942,8026,6284,6621,1
4935,8062,6337,6704,1
4935,8062,6337,6704,1
4912,7791,6014,6562,1
4912,7791,6014,6562,1
4802,6911,5394,6085,1
4802,6911,5394,6085,1
4802,7089,5424,6119,1
4802,7089,5424,6119,1
4892,7767,5877,6438,1
4892,7767,5877,6438,1
5039,8002,6197,6628,1
5039,8002,6197,6628,1
5212,8107,6365,6737,1
5212,8107,6365,6737,1
5329,8158,6429,6783,1
5329,8158,6429,6783,1
5397,8185,6463,6809,1
5397,8185,6463,6809,1
5436,8197,6480,6824,1
5436,8197,6480,6824,1
5436,8219,6494,6826,1
5436,8219,6494,6826,1
5459,8198,6395,6780,1
5459,8198,6395,6780,1
5414,8024,6110,6649,1
5414,8024,6110,6649,1
5400,7577,5796,6452,1
5400,7577,5796,6452,1
5357,6813,5321,6041,1
5357,6813,5321,6041,1
5314,6075,4616,5300,1
5314,6075,4616,5300,1
5297,5819,4226,4803,1
5297,5819,4226,4803,1
5209,5920,4245,4759,1
5209,5920,4245,4759,1
5186,6655,4765,5323,1
5186,6655,4765,5323,1
5221,7460,5452,5996,1
5221,7460,5452,5996,1
5273,7824,6125,6502,1
5273,7824,6125,6502,1
5273,7998,6462,6775,1
5273,7998,6462,6775,1
5318,8113,6609,6901,1
5318,8113,6609,6901,1
5348,8176,6655,6948,1
5348,8176,6655,6948,1
5287,8225,6675,6965,1
5287,8225,6675,6965,1
5291,8271,6651,6956,1
5291,8271,6651,6956,1
5325,8263,6548,6907,1
5325,8263,6548,6907,1
5310,8091,6258,6776,1
5310,8091,6258,6776,1
5303,7616,5852,6546,1
5303,7616,5852,6546,1
5301,7569,5779,6475,1
5301,7569,5779,6475,1
5309,7774,5887,6512,1
5309,7774,5887,6512,1
5312,7933,6074,6596,1
5312,7933,6074,6596,1
5314,8014,6201,6673,1
5314,8014,6201,6673,1
5296,7961,6101,6646,1
5296,7961,6101,6646,1
5257,7552,5806,6472,1
5257,7552,5806,6472,1
5233,7374,5707,6389,1
5233,7374,5707,6389,1
5027,7840,5899,6417,1
5027,7840,5899,6417,1
5136,7921,5999,6527,1
5136,7921,5999,6527,1
5215,7992,6115,6627,1
5215,7992,6115,6627,1
5227,8057,6266,6745,1
5227,8057,6266,6745,1
5227,8094,6347,6811,1
5227,8094,6347,6811,1
5233,8118,6397,6848,1
5233,8118,6397,6848,1
5238,8134,6422,6871,1
5238,8134,6422,6871,1
5252,8146,6435,6879,1
5252,8146,6435,6879,1
5254,8155,6435,6879,1
5254,8155,6435,6879,1
5235,8157,6431,6869,1
5235,8157,6431,6869,1
5250,8149,6425,6865,1
5250,8149,6425,6865,1
5279,8142,6451,6866,1
5279,8142,6451,6866,1
5274,8163,6544,6914,1
5274,8163,6544,6914,1
5297,8218,6678,7004,1
5297,8218,6678,7004,1
5304,8261,6744,7050,1
5304,8261,6744,7050,1
5306,8286,6763,7065,1
5306,8286,6763,7065,1
5315,8302,6775,7078,1
5315,8302,6775,7078,1
5331,8310,6778,7090,1
5331,8310,6778,7090,1
5320,8322,6786,7096,1
5320,8322,6786,7096,1
5334,8334,6802,7107,1
5334,8334,6802,7107,1
5324,8351,6811,7110,1
5324,8351,6811,7110,1
5316,8365,6769,7093,1
5316,8365,6769,7093,1
5311,8304,6593,7021,1
5311,8304,6593,7021,1
5314,8254,6476,6968,1
5314,8254,6476,6968,1
5313,8237,6426,6939,1
5313,8237,6426,6939,1
5313,8190,6344,6896,1
5313,8190,6344,6896,1
5311,8112,6207,6813,1
5311,8112,6207,6813,1
5312,7970,5975,6675,1
5312,7970,5975,6675,1
5312,7840,5795,6518,1
5312,7840,5795,6518,1
5339,7829,5763,6459,1
5339,7829,5763,6459,1
5358,7887,5815,6480,1
5358,7887,5815,6480,1
5382,7932,5853,6505,1
5382,7932,5853,6505,1
5413,8029,5936,6581,1
5413,8029,5936,6581,1
5471,8071,5996,6643,1
5471,8071,5996,6643,1
5507,8114,6067,6690,1
5507,8114,6067,6690,1
5497,8141,6119,6729,1
5497,8141,6119,6729,1
5518,8145,6130,6745,1
5518,8145,6130,6745,1
5535,8132,6121,6746,1
5535,8132,6121,6746,1
5539,8130,6121,6745,1
5539,8130,6121,6745,1
5549,8134,6141,6752,1
5549,8134,6141,6752,1
5547,8139,6172,6756,1
5547,8139,6172,6756,1
5563,8146,6213,6779,1
5563,8146,6213,6779,1
5535,8167,6335,6831,1
5535,8167,6335,6831,1
5514,8205,6459,6885,1
5514,8205,6459,6885,1
5516,8240,6579,6938,1
5516,8240,6579,6938,1
5527,8284,6670,6988,1
5527,8284,6670,6988,1
5517,8331,6725,7019,1
5517,8331,6725,7019,1
5519,8369,6727,7023,1
5519,8369,6727,7023,1
5517,8362,6638,6965,1
5517,8362,6638,6965,1
5527,8211,6328,6766,1
5527,8211,6328,6766,1
3857,7215,866,5471,1
3857,7215,866,5471,1
3863,7212,867,5471,1
3863,7212,867,5471,1
3873,7176,867,5441,1
3873,7176,867,5441,1
3871,7268,867,5576,1
3871,7268,867,5576,1
3854,7559,868,5907,1
3854,7559,868,5907,1
3854,7720,869,6076,1
3854,7720,869,6076,1
3861,7715,868,6024,1
3861,7715,868,6024,1
3866,7556,868,5780,1
3866,7556,868,5780,1
3863,7368,867,5547,1
3863,7368,867,5547,1
3849,7202,867,5384,1
3849,7202,867,5384,1
3816,7010,867,5235,1
3816,7010,867,5235,1
3819,6944,866,5191,1
3819,6944,866,5191,1
3813,7111,867,5329,1
3813,7111,867,5329,1
3812,7280,866,5474,1
3812,7280,866,5474,1
3808,7340,866,5530,1
3808,7340,866,5530,1
3821,7385,867,5593,1
3821,7385,867,5593,1
3833,7420,868,5642,1
3833,7420,868,5642,1
3838,7449,867,5665,1
3838,7449,867,5665,1
3844,7455,867,5674,1
3844,7455,867,5674,1
3846,7413,867,5636,1
3846,7413,867,5636,1
3832,7275,867,5513,1
3832,7275,867,5513,1
3826,7149,867,5359,1
3826,7149,867,5359,1
3847,7117,867,5342,1
3847,7117,867,5342,1
3970,7151,865,5411,1
3970,7151,865,5411,1
4043,7195,868,5484,1
4043,7195,868,5484,1
4111,7333,866,5614,1
4111,7333,866,5614,1
4136,7455,866,5714,1
4136,7455,866,5714,1
4146,7518,866,5769,1
4146,7518,866,5769,1
4170,7561,867,5802,1
4170,7561,867,5802,1
4180,7577,866,5813,1
4180,7577,866,5813,1
4161,7579,866,5810,1
4161,7579,866,5810,1
4088,7559,865,5719,1
4088,7559,865,5719,1
4022,7463,865,5508,1
4022,7463,865,5508,1
4010,7378,865,5353,1
4010,7378,865,5353,1
3990,7237,865,5135,1
3990,7237,865,5135,1
3972,7052,863,4978,1
3972,7052,863,4978,1
3959,6965,864,4941,1
3959,6965,864,4941,1
3957,7043,863,5094,1
3957,7043,863,5094,1
3973,7175,864,5274,1
3973,7175,864,5274,1
3987,7268,864,5423,1
3987,7268,864,5423,1
3994,7353,865,5558,1
3994,7353,865,5558,1
4005,7422,865,5642,1
4005,7422,865,5642,1
4002,7462,866,5690,1
4002,7462,866,5690,1
3994,7477,865,5704,1
3994,7477,865,5704,1
3979,7472,865,5668,1
3979,7472,865,5668,1
3981,7444,864,5586,1
3981,7444,864,5586,1
3974,7423,863,5509,1
3974,7423,863,5509,1
3956,7351,863,5332,1
3956,7351,863,5332,1
3920,7080,863,5064,1
3920,7080,863,5064,1
3885,6827,862,4948,1
3885,6827,862,4948,1
3905,7196,867,5518,1
3905,7196,867,5518,1
3931,7230,868,5549,1
3931,7230,868,5549,1
3998,7343,868,5694,1
3998,7343,868,5694,1
4077,7385,869,5764,1
4077,7385,869,5764,1
4155,7459,869,5866,1
4155,7459,869,5866,1
4171,7558,870,5953,1
4171,7558,870,5953,1
4176,7582,870,5967,1
4176,7582,870,5967,1
4167,7528,869,5873,1
4167,7528,869,5873,1
4127,7448,869,5681,1
4127,7448,869,5681,1
4069,7352,868,5539,1
4069,7352,868,5539,1
4009,7261,868,5405,1
4009,7261,868,5405,1
3959,7178,867,5316,1
3959,7178,867,5316,1
3967,7147,867,5308,1
3967,7147,867,5308,1
4001,7217,868,5406,1
4001,7217,868,5406,1
4048,7305,868,5543,1
4048,7305,868,5543,1
4086,7389,867,5660,1
4086,7389,867,5660,1
4106,7444,867,5710,1
4106,7444,867,5710,1
4113,7491,868,5737,1
4113,7491,868,5737,1
4140,7517,869,5765,1
4140,7517,869,5765,1
4185,7552,869,5842,1
4185,7552,869,5842,1
4227,7594,868,5928,1
4227,7594,868,5928,1
4243,7610,869,5957,1
4243,7610,869,5957,1
4231,7587,868,5911,1
4231,7587,868,5911,1
4204,7510,867,5728,1
4204,7510,867,5728,1
4151,7383,866,5465,1
4151,7383,866,5465,1
4007,7196,866,5289,1
4007,7196,866,5289,1
3964,7098,865,5221,1
3964,7098,865,5221,1
4017,7168,865,5357,1
4017,7168,865,5357,1
4091,7319,866,5588,1
4091,7319,866,5588,1
4161,7446,867,5833,1
4161,7446,867,5833,1
4199,7535,867,5966,1
4199,7535,867,5966,1
4213,7610,866,6047,1
4213,7610,866,6047,1
4218,7699,867,6066,1
4218,7699,867,6066,1
4225,7741,867,6046,1
4225,7741,867,6046,1
4242,7771,867,6071,1
4242,7771,867,6071,1
4253,7812,867,6115,1
4253,7812,867,6115,1
4256,7831,867,6136,1
4256,7831,867,6136,1
4253,7790,866,6094,1
4253,7790,866,6094,1
4247,7718,867,6022,1
4247,7718,867,6022,1
4244,7671,866,5940,1
4244,7671,866,5940,1
4234,7596,866,5865,1
4234,7596,866,5865,1
4216,7532,866,5776,1
4216,7532,866,5776,1
4195,7445,865,5715,1
4195,7445,865,5715,1
4186,7420,864,5691,1
4186,7420,864,5691,1
4209,7499,865,5810,1
4209,7499,865,5810,1
4227,7563,865,5911,1
4227,7563,865,5911,1
4235,7619,865,5982,1
4235,7619,865,5982,1
4236,7651,866,6037,1
4236,7651,866,6037,1
4238,7675,865,6083,1
4238,7675,865,6083,1
4238,7695,866,6115,1
4238,7695,866,6115,1
4221,7554,862,5622,1
4221,7554,862,5622,1
4218,7552,864,5607,1
4218,7552,864,5607,1
4218,7595,864,5767,1
4218,7595,864,5767,1
4220,7641,863,5887,1
4220,7641,863,5887,1
4221,7659,863,5925,1
4221,7659,863,5925,1
4218,7673,863,5960,1
4218,7673,863,5960,1
4217,7659,864,5984,1
4217,7659,864,5984,1
4209,7441,863,5871,1
4209,7441,863,5871,1
4204,7218,863,5460,1
4204,7218,863,5460,1
4208,7124,862,5240,1
4208,7124,862,5240,1
4211,7101,862,5206,1
4211,7101,862,5206,1
4212,7189,862,5359,1
4212,7189,862,5359,1
4210,7327,862,5562,1
4210,7327,862,5562,1
4211,7434,863,5711,1
4211,7434,863,5711,1
4210,7521,863,5823,1
4210,7521,863,5823,1
4235,7583,863,5900,1
4235,7583,863,5900,1
4244,7635,863,5971,1
4244,7635,863,5971,1
4244,7666,863,6011,1
4244,7666,863,6011,1
4251,7675,863,6015,1
4251,7675,863,6015,1
4241,7656,862,5928,1
4241,7656,862,5928,1
4217,7618,863,5774,1
4217,7618,863,5774,1
4186,7557,862,5572,1
4186,7557,862,5572,1
4137,7483,862,5465,1
4137,7483,862,5465,1
4106,7394,862,5341,1
4106,7394,862,5341,1
4109,7372,861,5342,1
4109,7372,861,5342,1
4156,7413,861,5458,1
4156,7413,861,5458,1
4182,7458,862,5580,1
4182,7458,862,5580,1
4197,7494,863,5712,1
4197,7494,863,5712,1
4200,7524,863,5784,1
4200,7524,863,5784,1
4227,7554,862,5834,1
4227,7554,862,5834,1
4261,7575,863,5881,1
4261,7575,863,5881,1
4280,7590,863,5915,1
4280,7590,863,5915,1
4300,7595,862,5949,1
4300,7595,862,5949,1
4294,7584,863,5937,1
4294,7584,863,5937,1
4255,7554,862,5860,1
4255,7554,862,5860,1
4199,7522,862,5698,1
4199,7522,862,5698,1
4152,7463,862,5510,1
4152,7463,862,5510,1
4097,7380,861,5341,1
4097,7380,861,5341,1
4079,7218,861,5171,1
4079,7218,861,5171,1
4096,7183,860,5158,1
4096,7183,860,5158,1
4147,7279,862,5325,1
4147,7279,862,5325,1
4206,7397,862,5503,1
4206,7397,862,5503,1
4235,7470,862,5613,1
4235,7470,862,5613,1
4281,7515,862,5713,1
4281,7515,862,5713,1
4303,7552,863,5810,1
4303,7552,863,5810,1
4324,7570,863,5843,1
4324,7570,863,5843,1
4334,7589,862,5867,1
4334,7589,862,5867,1
4330,7605,862,5903,1
4330,7605,862,5903,1
4329,7612,863,5921,1
4329,7612,863,5921,1
4327,7602,863,5871,1
4327,7602,863,5871,1
4919,7650,5236,5812,1
4919,7650,5236,5812,1
4921,7652,5238,5817,1
4921,7652,5238,5817,1
4914,7652,5241,5821,1
4914,7652,5241,5821,1
4910,7651,5242,5824,1
4910,7651,5242,5824,1
4903,7650,5241,5825,1
4903,7650,5241,5825,1
4904,7652,5242,5825,1
4904,7652,5242,5825,1
4906,7652,5243,5826,1
4906,7652,5243,5826,1
4906,7654,5243,5826,1
4906,7654,5243,5826,1
4901,7653,5244,5828,1
4901,7653,5244,5828,1
4895,7699,5322,5901,1
4895,7699,5322,5901,1
4929,7842,5535,6159,1
4929,7842,5535,6159,1
4965,7960,5717,6360,1
4965,7960,5717,6360,1
5006,8034,5832,6469,1
5006,8034,5832,6469,1
5063,8085,5925,6556,1
5063,8085,5925,6556,1
5124,8142,6020,6644,1
5124,8142,6020,6644,1
5168,8192,6113,6732,1
5168,8192,6113,6732,1
5213,8239,6194,6804,1
5213,8239,6194,6804,1
5235,8272,6256,6857,1
5235,8272,6256,6857,1
5260,8288,6291,6889,1
5260,8288,6291,6889,1
5273,8297,6305,6900,1
5273,8297,6305,6900,1
5279,8286,6295,6896,1
5279,8286,6295,6896,1
5274,8154,6050,6649,1
5274,8154,6050,6649,1
5244,7877,5601,6106,1
5244,7877,5601,6106,1
5223,7502,5118,5547,1
5223,7502,5118,5547,1
5187,7101,4814,5235,1
5187,7101,4814,5235,1
5178,6852,4656,5086,1
5178,6852,4656,5086,1
5189,6821,4677,5059,1
5189,6821,4677,5059,1
5220,7343,5101,5513,1
5220,7343,5101,5513,1
5236,7697,5445,5907,1
5236,7697,5445,5907,1
5263,7901,5748,6140,1
5263,7901,5748,6140,1
5293,7991,5941,6365,1
5293,7991,5941,6365,1
5305,8067,6076,6509,1
5305,8067,6076,6509,1
5328,8133,6163,6612,1
5328,8133,6163,6612,1
5335,8194,6223,6676,1
5335,8194,6223,6676,1
5341,8244,6271,6720,1
5341,8244,6271,6720,1
5362,8279,6321,6765,1
5362,8279,6321,6765,1
5375,8306,6351,6793,1
5375,8306,6351,6793,1
5379,8327,6374,6815,1
5379,8327,6374,6815,1
5391,8344,6384,6825,1
5391,8344,6384,6825,1
5391,8352,6389,6833,1
5391,8352,6389,6833,1
5395,8343,6384,6833,1
5395,8343,6384,6833,1
5386,8304,6369,6820,1
5386,8304,6369,6820,1
5400,8210,6309,6767,1
5400,8210,6309,6767,1
5401,8092,6137,6546,1
5401,8092,6137,6546,1
5367,7922,5721,6047,1
5367,7922,5721,6047,1
5342,7710,5363,5672,1
5342,7710,5363,5672,1
5309,7489,5187,5485,1
5309,7489,5187,5485,1
5242,7329,5075,5400,1
5242,7329,5075,5400,1
5168,7212,5076,5422,1
5168,7212,5076,5422,1
5179,7308,5239,5611,1
5179,7308,5239,5611,1
4380,6961,5042,5743,1
4380,6961,5042,5743,1
4419,6972,5063,5756,1
4419,6972,5063,5756,1
4549,7102,5161,5864,1
4549,7102,5161,5864,1
4767,7403,5383,6110,1
4767,7403,5383,6110,1
4899,7614,5602,6311,1
4899,7614,5602,6311,1
5011,7777,5795,6486,1
5011,7777,5795,6486,1
5126,7919,5955,6618,1
5126,7919,5955,6618,1
5230,8031,6075,6705,1
5230,8031,6075,6705,1
5262,8131,6178,6778,1
5262,8131,6178,6778,1
5278,8210,6264,6853,1
5278,8210,6264,6853,1
5303,8272,6329,6905,1
5303,8272,6329,6905,1
5320,8323,6377,6948,1
5320,8323,6377,6948,1
5332,8353,6429,6996,1
5332,8353,6429,6996,1
5337,8366,6447,7016,1
5337,8366,6447,7016,1
5346,8312,6392,6988,1
5346,8312,6392,6988,1
5334,8113,6122,6763,1
5334,8113,6122,6763,1
5282,7858,5801,6456,1
5282,7858,5801,6456,1
5232,7632,5567,6211,1
5232,7632,5567,6211,1
5143,7429,5403,6043,1
5143,7429,5403,6043,1
5104,7328,5336,5971,1
5104,7328,5336,5971,1
5123,7473,5492,6125,1
5123,7473,5492,6125,1
5183,7751,5736,6375,1
5183,7751,5736,6375,1
5249,7984,5972,6607,1
5249,7984,5972,6607,1
5303,8137,6144,6752,1
5303,8137,6144,6752,1
5340,8225,6250,6841,1
5340,8225,6250,6841,1
5359,8282,6323,6900,1
5359,8282,6323,6900,1
5382,8319,6367,6936,1
5382,8319,6367,6936,1
5400,8353,6411,6969,1
5400,8353,6411,6969,1
5421,8373,6442,6993,1
5421,8373,6442,6993,1
5405,8372,6439,6993,1
5405,8372,6439,6993,1
5403,8228,6194,6847,1
5403,8228,6194,6847,1
5388,7983,5883,6607,1
5388,7983,5883,6607,1
5366,7824,5693,6455,1
5366,7824,5693,6455,1
5336,7802,5693,6454,1
5336,7802,5693,6454,1
5358,8033,5958,6677,1
5358,8033,5958,6677,1
5391,8186,6163,6828,1
5391,8186,6163,6828,1
5407,8262,6279,6916,1
5407,8262,6279,6916,1
5424,8305,6350,6965,1
5424,8305,6350,6965,1
5424,8336,6398,6999,1
5424,8336,6398,6999,1
5452,8361,6438,7026,1
5452,8361,6438,7026,1
5460,8380,6467,7045,1
5460,8380,6467,7045,1
5465,8388,6481,7054,1
5465,8388,6481,7054,1
5474,8383,6482,7058,1
5474,8383,6482,7058,1
5471,8344,6412,7013,1
5471,8344,6412,7013,1
5448,8267,6213,6847,1
5448,8267,6213,6847,1
5444,8171,5934,6553,1
5444,8171,5934,6553,1
5429,8033,5669,6262,1
5429,8033,5669,6262,1
5429,7886,5436,6009,1
5429,7886,5436,6009,1
5397,7752,5288,5816,1
5397,7752,5288,5816,1
5264,7523,5053,5579,1
5264,7523,5053,5579,1
5489,8313,6291,6805,1
5489,8313,6291,6805,1
5494,8283,6227,6773,1
5494,8283,6227,6773,1
5479,8214,6073,6676,1
5479,8214,6073,6676,1
5458,8133,5880,6497,1
5458,8133,5880,6497,1
5405,8045,5697,6293,1
5405,8045,5697,6293,1
5218,7899,5546,6145,1
5218,7899,5546,6145,1
5148,7843,5497,6115,1
5148,7843,5497,6115,1
5134,7831,5494,6119,1
5134,7831,5494,6119,1
5124,7831,5502,6131,1
5124,7831,5502,6131,1
5129,7830,5506,6139,1
5129,7830,5506,6139,1
5130,7829,5507,6141,1
5130,7829,5507,6141,1
5127,7829,5515,6146,1
5127,7829,5515,6146,1
5252,7985,5786,6406,1
5252,7985,5786,6406,1
5344,8147,6043,6662,1
5344,8147,6043,6662,1
5410,8250,6218,6812,1
5410,8250,6218,6812,1
5447,8305,6326,6903,1
5447,8305,6326,6903,1
5467,8345,6390,6955,1
5467,8345,6390,6955,1
5475,8378,6446,6996,1
5475,8378,6446,6996,1
5490,8413,6500,7034,1
5490,8413,6500,7034,1
5501,8438,6534,7061,1
5501,8438,6534,7061,1
5499,8440,6520,7052,1
5499,8440,6520,7052,1
5497,8400,6397,6937,1
5497,8400,6397,6937,1
5500,8296,6159,6651,1
5500,8296,6159,6651,1
5487,8174,5948,6388,1
5487,8174,5948,6388,1
5462,8069,5706,6104,1
5462,8069,5706,6104,1
5437,7978,5534,5920,1
5437,7978,5534,5920,1
5417,7974,5575,5988,1
5417,7974,5575,5988,1
5416,8092,5835,6308,1
5416,8092,5835,6308,1
5434,8206,6050,6561,1
5434,8206,6050,6561,1
5453,8283,6200,6706,1
5453,8283,6200,6706,1
5477,8336,6313,6813,1
5477,8336,6313,6813,1
5485,8377,6400,6896,1
5485,8377,6400,6896,1
5492,8408,6454,6949,1
5492,8408,6454,6949,1
5501,8428,6489,6978,1
5501,8428,6489,6978,1
5506,8435,6499,6987,1
5506,8435,6499,6987,1
5496,8384,6315,6888,1
5496,8384,6315,6888,1
5454,8201,5888,6554,1
5454,8201,5888,6554,1
5418,7985,5522,6182,1
5418,7985,5522,6182,1
5387,7774,5313,5950,1
5387,7774,5313,5950,1
5375,7672,5254,5906,1
5375,7672,5254,5906,1
5371,7672,5303,5971,1
5371,7672,5303,5971,1
5362,7840,5537,6213,1
5362,7840,5537,6213,1
5375,8102,5893,6541,1
5375,8102,5893,6541,1
5400,8279,6179,6776,1
5400,8279,6179,6776,1
5435,8373,6346,6913,1
5435,8373,6346,6913,1
5471,8412,6426,6974,1
5471,8412,6426,6974,1
5476,8441,6486,7020,1
5476,8441,6486,7020,1
5489,8463,6523,7052,1
5489,8463,6523,7052,1
5471,8443,6493,7034,1
5471,8443,6493,7034,1
5434,8255,6075,6728,1
5434,8255,6075,6728,1
4696,8685,6865,7409,2
4696,8685,6865,7409,2
4689,8685,6866,7410,2
4689,8685,6866,7410,2
4695,8696,6891,7433,2
4695,8696,6891,7433,2
4726,8734,6988,7506,2
4726,8734,6988,7506,2
4808,8782,7097,7581,2
4808,8782,7097,7581,2
4934,8835,7225,7656,2
4934,8835,7225,7656,2
5069,8891,7341,7714,2
5069,8891,7341,7714,2
5187,8932,7438,7789,2
5187,8932,7438,7789,2
5256,8965,7520,7852,2
5256,8965,7520,7852,2
5269,8999,7580,7898,2
5269,8999,7580,7898,2
5301,9031,7620,7929,2
5301,9031,7620,7929,2
5321,9065,7647,7948,2
5321,9065,7647,7948,2
5322,9094,7674,7966,2
5322,9094,7674,7966,2
5343,9116,7694,7983,2
5343,9116,7694,7983,2
5368,9125,7705,7992,2
5368,9125,7705,7992,2
5378,9109,7692,7989,2
5378,9109,7692,7989,2
5301,9035,7594,7928,2
5301,9035,7594,7928,2
5176,8890,7301,7752,2
5176,8890,7301,7752,2
5094,8682,6833,7429,2
5094,8682,6833,7429,2
5006,8491,6475,7129,2
5006,8491,6475,7129,2
4957,8449,6424,7084,2
4957,8449,6424,7084,2
4945,8490,6519,7165,2
4945,8490,6519,7165,2
4954,8593,6706,7318,2
4954,8593,6706,7318,2
4970,8709,6934,7491,2
4970,8709,6934,7491,2
4996,8807,7147,7634,2
4996,8807,7147,7634,2
5011,8892,7325,7743,2
5011,8892,7325,7743,2
5064,8966,7470,7833,2
5064,8966,7470,7833,2
5176,9034,7587,7908,2
5176,9034,7587,7908,2
5217,9087,7658,7946,2
5217,9087,7658,7946,2
5289,9128,7704,7973,2
5289,9128,7704,7973,2
5327,9156,7732,7998,2
5327,9156,7732,7998,2
5359,9176,7750,8014,2
5359,9176,7750,8014,2
5384,9191,7763,8027,2
5384,9191,7763,8027,2
5328,9204,7774,8037,2
5328,9204,7774,8037,2
5314,9212,7781,8043,2
5314,9212,7781,8043,2
5324,9184,7758,8038,2
5324,9184,7758,8038,2
5128,9090,7627,7955,2
5128,9090,7627,7955,2
4841,8908,7236,7701,2
4841,8908,7236,7701,2
4653,8574,6492,7086,2
4653,8574,6492,7086,2
4686,8321,6093,6689,2
4686,8321,6093,6689,2
4676,8271,6071,6675,2
4676,8271,6071,6675,2
4689,8370,6307,6922,2
4689,8370,6307,6922,2
4706,8549,6646,7234,2
4706,8549,6646,7234,2
4732,8719,6980,7496,2
4732,8719,6980,7496,2
4778,8842,7240,7671,2
4778,8842,7240,7671,2
4824,8941,7435,7799,2
4824,8941,7435,7799,2
4935,9020,7578,7894,2
4935,9020,7578,7894,2
5046,9081,7669,7957,2
5046,9081,7669,7957,2
5138,9127,7726,7999,2
5138,9127,7726,7999,2
5200,9160,7762,8027,2
5200,9160,7762,8027,2
5213,9322,7824,8026,2
5213,9322,7824,8026,2
5217,9330,7821,8018,2
5217,9330,7821,8018,2
5220,9337,7820,8011,2
5220,9337,7820,8011,2
5222,9347,7816,8010,2
5222,9347,7816,8010,2
5212,9353,7813,8013,2
5212,9353,7813,8013,2
5214,9359,7815,8019,2
5214,9359,7815,8019,2
5233,9363,7817,8024,2
5233,9363,7817,8024,2
5238,9367,7819,8031,2
5238,9367,7819,8031,2
5250,9370,7820,8035,2
5250,9370,7820,8035,2
5258,9373,7824,8038,2
5258,9373,7824,8038,2
5232,9372,7825,8039,2
5232,9372,7825,8039,2
5242,9375,7826,8040,2
5242,9375,7826,8040,2
5256,9376,7828,8044,2
5256,9376,7828,8044,2
5260,9377,7829,8047,2
5260,9377,7829,8047,2
5248,9377,7829,8049,2
5248,9377,7829,8049,2
5276,9381,7832,8051,2
5276,9381,7832,8051,2
5280,9381,7834,8051,2
5280,9381,7834,8051,2
5312,9383,7835,8054,2
5312,9383,7835,8054,2
5323,9389,7841,8058,2
5323,9389,7841,8058,2
5330,9390,7845,8064,2
5330,9390,7845,8064,2
5320,9375,7845,8078,2
5320,9375,7845,8078,2
5012,9337,7814,8080,2
5012,9337,7814,8080,2
4429,9253,7700,8055,2
4429,9253,7700,8055,2
4450,9131,7546,8036,2
4450,9131,7546,8036,2
4513,9014,7272,7934,2
4513,9014,7272,7934,2
4536,8983,7215,7901,2
4536,8983,7215,7901,2
4595,9030,7335,7947,2
4595,9030,7335,7947,2
4661,9100,7497,8016,2
4661,9100,7497,8016,2
4782,9166,7633,8072,2
4782,9166,7633,8072,2
5005,9237,7733,8101,2
5005,9237,7733,8101,2
5175,9304,7802,8095,2
5175,9304,7802,8095,2
5259,9338,7837,8098,2
5259,9338,7837,8098,2
5295,9353,7848,8111,2
5295,9353,7848,8111,2
5339,9360,7846,8119,2
5339,9360,7846,8119,2
5355,9370,7845,8130,2
5355,9370,7845,8130,2
5369,9377,7847,8138,2
5369,9377,7847,8138,2
5376,9369,7852,8143,2
5376,9369,7852,8143,2
5266,9360,7838,8133,2
5266,9360,7838,8133,2
4990,9310,7803,8121,2
4990,9310,7803,8121,2
4881,9227,7723,8085,2
4881,9227,7723,8085,2
4781,9157,7626,8035,2
4781,9157,7626,8035,2
4756,9137,7629,8035,2
4756,9137,7629,8035,2
4786,9183,7716,8074,2
4786,9183,7716,8074,2
4878,9242,7795,8105,2
4878,9242,7795,8105,2
5008,9299,7849,8119,2
5008,9299,7849,8119,2
5114,9345,7880,8113,2
5114,9345,7880,8113,2
5228,9374,7893,8124,2
5228,9374,7893,8124,2
5306,9381,7897,8126,2
5306,9381,7897,8126,2
5339,9379,7898,8135,2
5339,9379,7898,8135,2
5353,9379,7897,8134,2
5353,9379,7897,8134,2
4849,9197,7692,8064,2
4849,9197,7692,8064,2
4876,9210,7718,8079,2
4876,9210,7718,8079,2
5010,9226,7752,8099,2
5010,9226,7752,8099,2
5146,9247,7785,8113,2
5146,9247,7785,8113,2
5270,9285,7819,8131,2
5270,9285,7819,8131,2
5386,9336,7853,8137,2
5386,9336,7853,8137,2
5518,9406,7868,8090,2
5518,9406,7868,8090,2
5648,9439,7837,8033,2
5648,9439,7837,8033,2
5751,9456,7808,7985,2
5751,9456,7808,7985,2
5812,9468,7806,7955,2
5812,9468,7806,7955,2
5843,9489,7806,7930,2
5843,9489,7806,7930,2
5876,9499,7798,7921,2
5876,9499,7798,7921,2
5892,9501,7789,7923,2
5892,9501,7789,7923,2
5913,9500,7773,7940,2
5913,9500,7773,7940,2
5942,9506,7769,7962,2
5942,9506,7769,7962,2
5925,9496,7832,8041,2
5925,9496,7832,8041,2
5745,9472,7860,8101,2
5745,9472,7860,8101,2
5196,9392,7854,8104,2
5196,9392,7854,8104,2
4800,9298,7761,8052,2
4800,9298,7761,8052,2
4815,9281,7748,8053,2
4815,9281,7748,8053,2
5067,9325,7794,8080,2
5067,9325,7794,8080,2
5366,9384,7838,8099,2
5366,9384,7838,8099,2
5606,9421,7858,8106,2
5606,9421,7858,8106,2
5763,9451,7867,8105,2
5763,9451,7867,8105,2
5868,9482,7857,8092,2
5868,9482,7857,8092,2
5934,9511,7816,8064,2
5934,9511,7816,8064,2
5980,9530,7768,8032,2
5980,9530,7768,8032,2
6008,9533,7731,8004,2
6008,9533,7731,8004,2
6010,9532,7714,7989,2
6010,9532,7714,7989,2
5966,9528,7707,7987,2
5966,9528,7707,7987,2
6007,9520,7719,8033,2
6007,9520,7719,8033,2
5949,9499,7824,8085,2
5949,9499,7824,8085,2
5725,9429,7828,8090,2
5725,9429,7828,8090,2
5241,9311,7717,8013,2
5241,9311,7717,8013,2
4978,9224,7628,7935,2
4978,9224,7628,7935,2
4889,9202,7628,7935,2
4889,9202,7628,7935,2
4915,9249,7718,8006,2
4915,9249,7718,8006,2
5104,9318,7792,8049,2
5104,9318,7792,8049,2
5343,9395,7833,8066,2
5343,9395,7833,8066,2
5576,9462,7825,8048,2
5576,9462,7825,8048,2
5744,9500,7792,8002,2
5744,9500,7792,8002,2
5843,9513,7785,7961,2
5843,9513,7785,7961,2
5900,9514,7789,7932,2
5900,9514,7789,7932,2
5947,9512,7780,7903,2
5947,9512,7780,7903,2
5979,9508,7749,7886,2
5979,9508,7749,7886,2
6003,9502,7738,7893,2
6003,9502,7738,7893,2
6002,9501,7739,7900,2
6002,9501,7739,7900,2
6020,9500,7755,7920,2
6020,9500,7755,7920,2
6006,9488,7781,7984,2
6006,9488,7781,7984,2
5899,9470,7808,8035,2
5899,9470,7808,8035,2
2467,8871,494,7225,2
2467,8871,494,7225,2
2471,8870,495,7227,2
2471,8870,495,7227,2
2468,8872,495,7226,2
2468,8872,495,7226,2
2479,8874,495,7225,2
2479,8874,495,7225,2
2480,8875,495,7226,2
2480,8875,495,7226,2
2481,8879,495,7225,2
2481,8879,495,7225,2
2485,8883,494,7217,2
2485,8883,494,7217,2
2477,8895,495,7170,2
2477,8895,495,7170,2
2427,8921,495,7106,2
2427,8921,495,7106,2
2359,8934,495,7085,2
2359,8934,495,7085,2
2321,8931,494,7094,2
2321,8931,494,7094,2
2332,8929,495,7106,2
2332,8929,495,7106,2
2352,8927,495,7112,2
2352,8927,495,7112,2
2363,8925,494,7118,2
2363,8925,494,7118,2
2380,8916,494,7125,2
2380,8916,494,7125,2
2392,8805,494,7130,2
2392,8805,494,7130,2
2396,8786,494,7132,2
2396,8786,494,7132,2
2394,8600,494,7133,2
2394,8600,494,7133,2
2393,8682,494,7133,2
2393,8682,494,7133,2
2399,8698,494,7134,2
2399,8698,494,7134,2
2400,8705,494,7135,2
2400,8705,494,7135,2
2402,8708,495,7133,2
2402,8708,495,7133,2
2407,8715,494,7135,2
2407,8715,494,7135,2
2416,8725,494,7137,2
2416,8725,494,7137,2
2418,8732,494,7136,2
2418,8732,494,7136,2
2418,8733,494,7136,2
2418,8733,494,7136,2
2423,8733,493,7132,2
2423,8733,493,7132,2
2418,8728,493,7135,2
2418,8728,493,7135,2
2415,8738,493,7135,2
2415,8738,493,7135,2
2417,8746,494,7137,2
2417,8746,494,7137,2
2420,8749,494,7139,2
2420,8749,494,7139,2
2423,8755,494,7138,2
2423,8755,494,7138,2
2422,8759,495,7137,2
2422,8759,495,7137,2
2425,8713,495,7136,2
2425,8713,495,7136,2
2425,8699,494,7135,2
2425,8699,494,7135,2
2430,8694,494,7136,2
2430,8694,494,7136,2
2427,8737,493,7138,2
2427,8737,493,7138,2
2421,8733,495,7137,2
2421,8733,495,7137,2
2426,8736,494,7135,2
2426,8736,494,7135,2
2421,8735,494,7121,2
2421,8735,494,7121,2
2395,8725,494,7110,2
2395,8725,494,7110,2
2377,8724,493,7131,2
2377,8724,493,7131,2
2372,8723,493,7135,2
2372,8723,493,7135,2
2367,8738,494,7136,2
2367,8738,494,7136,2
2400,8722,495,7161,2
2400,8722,495,7161,2
2437,8717,496,7176,2
2437,8717,496,7176,2
2457,8653,495,7168,2
2457,8653,495,7168,2
2476,8585,495,7148,2
2476,8585,495,7148,2
2482,8546,495,7131,2
2482,8546,495,7131,2
2482,8549,495,7120,2
2482,8549,495,7120,2
2556,8497,495,7160,2
2556,8497,495,7160,2
2555,8515,495,7157,2
2555,8515,495,7157,2
2546,8517,495,7156,2
2546,8517,495,7156,2
2546,8518,495,7162,2
2546,8518,495,7162,2
2547,8523,495,7165,2
2547,8523,495,7165,2
2500,8567,495,7206,2
2500,8567,495,7206,2
2486,8565,494,7262,2
2486,8565,494,7262,2
2531,8406,495,7259,2
2531,8406,495,7259,2
2552,8341,495,7161,2
2552,8341,495,7161,2
2567,8328,1224,7047,2
2567,8328,1224,7047,2
2565,8340,6183,6976,2
2565,8340,6183,6976,2
2550,8386,6713,6972,2
2550,8386,6713,6972,2
2518,8438,6836,7003,2
2518,8438,6836,7003,2
2461,8517,6906,7051,2
2461,8517,6906,7051,2
2384,8600,6949,7080,2
2384,8600,6949,7080,2
2340,8658,1140,7064,2
2340,8658,1140,7064,2
2292,8691,560,7024,2
2292,8691,560,7024,2
2251,8715,501,6975,2
2251,8715,501,6975,2
2227,8718,495,6943,2
2227,8718,495,6943,2
2219,8720,494,6944,2
2219,8720,494,6944,2
2237,8725,494,6958,2
2237,8725,494,6958,2
2288,8699,495,7041,2
2288,8699,495,7041,2
2443,8601,6336,7090,2
2443,8601,6336,7090,2
2652,8502,1079,7079,2
2652,8502,1079,7079,2
2764,8307,553,6952,2
2764,8307,553,6952,2
2820,8162,500,6847,2
2820,8162,500,6847,2
2858,8098,495,6817,2
2858,8098,495,6817,2
2821,8152,494,6864,2
2821,8152,494,6864,2
2701,8254,495,6976,2
2701,8254,495,6976,2
2597,8353,5020,7068,2
2597,8353,5020,7068,2
2486,8453,6700,7131,2
2486,8453,6700,7131,2
2340,8512,6930,7162,2
2340,8512,6930,7162,2
2223,8540,6989,7186,2
2223,8540,6989,7186,2
2148,8557,7022,7199,2
2148,8557,7022,7199,2
2130,8568,7031,7205,2
2130,8568,7031,7205,2
2135,8582,4090,7208,2
2135,8582,4090,7208,2
2146,8594,855,7209,2
2146,8594,855,7209,2
2144,8598,530,7207,2
2144,8598,530,7207,2
2144,8586,498,7207,2
2144,8586,498,7207,2
2146,8595,496,7206,2
2146,8595,496,7206,2
2141,8605,494,7196,2
2141,8605,494,7196,2
2149,8617,495,7188,2
2149,8617,495,7188,2
2154,8627,494,7188,2
2154,8627,494,7188,2
2162,8625,494,7183,2
2162,8625,494,7183,2
2157,8627,494,7175,2
2157,8627,494,7175,2
2163,8628,494,7170,2
2163,8628,494,7170,2
2165,8635,495,7174,2
2165,8635,495,7174,2
2173,8642,494,7182,2
2173,8642,494,7182,2
2178,8645,495,7184,2
2178,8645,495,7184,2
2182,8645,495,7187,2
2182,8645,495,7187,2
2865,8460,494,7010,2
2865,8460,494,7010,2
2689,8488,494,7029,2
2689,8488,494,7029,2
2421,8524,1640,7107,2
2421,8524,1640,7107,2
2291,8570,6391,7158,2
2291,8570,6391,7158,2
2218,8606,6904,7188,2
2218,8606,6904,7188,2
2182,8634,6973,7208,2
2182,8634,6973,7208,2
2153,8666,1142,7217,2
2153,8666,1142,7217,2
2141,8693,560,7205,2
2141,8693,560,7205,2
2144,8715,501,7190,2
2144,8715,501,7190,2
2157,8723,495,7183,2
2157,8723,495,7183,2
2141,8729,494,7175,2
2141,8729,494,7175,2
2093,8735,494,7168,2
2093,8735,494,7168,2
2136,8733,495,7169,2
2136,8733,495,7169,2
2160,8741,495,7170,2
2160,8741,495,7170,2
2158,8744,494,7175,2
2158,8744,494,7175,2
2181,8744,494,7193,2
2181,8744,494,7193,2
2205,8737,495,7218,2
2205,8737,495,7218,2
2241,8699,495,7240,2
2241,8699,495,7240,2
2303,8654,494,7245,2
2303,8654,494,7245,2
2379,8567,494,7234,2
2379,8567,494,7234,2
2430,8500,494,7217,2
2430,8500,494,7217,2
2447,8432,494,7184,2
2447,8432,494,7184,2
2468,8423,494,7161,2
2468,8423,494,7161,2
2463,8446,495,7177,2
2463,8446,495,7177,2
2378,8553,495,7239,2
2378,8553,495,7239,2
2299,8652,6379,7273,2
2299,8652,6379,7273,2
2268,8713,6979,7260,2
2268,8713,6979,7260,2
2248,8749,1143,7243,2
2248,8749,1143,7243,2
2240,8762,559,7214,2
2240,8762,559,7214,2
2234,8766,501,7194,2
2234,8766,501,7194,2
2221,8765,495,7187,2
2221,8765,495,7187,2
2229,8768,494,7177,2
2229,8768,494,7177,2
2226,8768,494,7170,2
2226,8768,494,7170,2
2231,8771,494,7150,2
2231,8771,494,7150,2
2228,8769,494,7136,2
2228,8769,494,7136,2
2218,8773,494,7122,2
2218,8773,494,7122,2
2217,8773,494,7112,2
2217,8773,494,7112,2
2283,8753,495,7180,2
2283,8753,495,7180,2
2418,8689,494,7243,2
2418,8689,494,7243,2
2517,8622,494,7245,2
2517,8622,494,7245,2
2562,8547,495,7224,2
2562,8547,495,7224,2
2664,8417,494,7143,2
2664,8417,494,7143,2
2770,8377,494,7026,2
2770,8377,494,7026,2
2800,8349,494,6926,2
2800,8349,494,6926,2
2854,8347,494,6856,2
2854,8347,494,6856,2
2634,8361,494,6869,2
2634,8361,494,6869,2
2387,8409,493,7027,2
2387,8409,493,7027,2
2264,8558,494,7144,2
2264,8558,494,7144,2
2214,8615,494,7180,2
2214,8615,494,7180,2
2212,8652,495,7168,2
2212,8652,495,7168,2
2098,8129,222,6835,2
2098,8129,222,6835,2
2095,8126,222,6839,2
2095,8126,222,6839,2
2047,8131,222,6842,2
2047,8131,222,6842,2
1914,8149,223,6861,2
1914,8149,223,6861,2
1783,8161,222,6870,2
1783,8161,222,6870,2
1798,8159,223,6853,2
1798,8159,223,6853,2
1805,8161,222,6853,2
1805,8161,222,6853,2
383,8068,224,6810,2
383,8068,224,6810,2
1739,8043,225,6748,2
1739,8043,225,6748,2
1951,8016,224,6639,2
1951,8016,224,6639,2
2066,7989,224,6555,2
2066,7989,224,6555,2
2099,7961,224,6520,2
2099,7961,224,6520,2
2026,7964,224,6506,2
2026,7964,224,6506,2
2020,7970,225,6530,2
2020,7970,225,6530,2
2001,7981,224,6623,2
2001,7981,224,6623,2
1831,8022,224,6686,2
1831,8022,224,6686,2
1737,8065,224,6747,2
1737,8065,224,6747,2
1719,8056,223,6751,2
1719,8056,223,6751,2
1789,8060,222,6717,2
1789,8060,222,6717,2
1794,8067,223,6732,2
1794,8067,223,6732,2
1864,8071,222,6806,2
1864,8071,222,6806,2
1996,8069,223,6799,2
1996,8069,223,6799,2
2284,8032,222,6575,2
2284,8032,222,6575,2
2324,7990,224,6431,2
2324,7990,224,6431,2
2323,7965,223,6338,2
2323,7965,223,6338,2
2348,7936,222,6206,2
2348,7936,222,6206,2
2313,7938,223,6187,2
2313,7938,223,6187,2
2230,7948,223,6282,2
2230,7948,223,6282,2
2049,7971,222,6451,2
2049,7971,222,6451,2
1963,8006,223,6559,2
1963,8006,223,6559,2
1895,8038,224,6672,2
1895,8038,224,6672,2
1811,8019,223,6744,2
1811,8019,223,6744,2
1792,7834,223,6730,2
1792,7834,223,6730,2
1768,7775,223,6689,2
1768,7775,223,6689,2
1777,7836,223,6746,2
1777,7836,223,6746,2
1809,7944,223,6792,2
1809,7944,223,6792,2
1915,7970,224,6738,2
1915,7970,224,6738,2
2163,7909,223,6548,2
2163,7909,223,6548,2
2082,7824,222,6350,2
2082,7824,222,6350,2
2369,7795,223,6250,2
2369,7795,223,6250,2
2395,7787,223,6244,2
2395,7787,223,6244,2
2343,7782,223,6251,2
2343,7782,223,6251,2
2179,7807,223,6374,2
2179,7807,223,6374,2
2035,7855,224,6522,2
2035,7855,224,6522,2
1890,7899,224,6649,2
1890,7899,224,6649,2
1754,7904,224,6728,2
1754,7904,224,6728,2
1744,7880,223,6757,2
1744,7880,223,6757,2
1740,7861,224,6777,2
1740,7861,224,6777,2
1718,7826,223,6753,2
1718,7826,223,6753,2
1751,7894,224,6796,2
1751,7894,224,6796,2
2362,7868,225,6320,2
2362,7868,225,6320,2
2440,7830,225,6181,2
2440,7830,225,6181,2
2494,7788,225,5994,2
2494,7788,225,5994,2
2524,7769,225,5866,2
2524,7769,225,5866,2
2440,7752,225,5966,2
2440,7752,225,5966,2
2127,7805,225,6224,2
2127,7805,225,6224,2
1952,7876,226,6390,2
1952,7876,226,6390,2
1876,7922,226,6477,2
1876,7922,226,6477,2
1819,7829,225,6530,2
1819,7829,225,6530,2
1793,7787,224,6544,2
1793,7787,224,6544,2
1827,7838,226,6569,2
1827,7838,226,6569,2
1918,7932,225,6577,2
1918,7932,225,6577,2
2141,7933,226,6452,2
2141,7933,226,6452,2
2362,7868,226,6211,2
2362,7868,226,6211,2
2489,7800,226,5926,2
2489,7800,226,5926,2
2567,7700,226,5569,2
2567,7700,226,5569,2
2597,7656,226,5417,2
2597,7656,226,5417,2
2538,7657,226,5622,2
2538,7657,226,5622,2
2290,7729,226,5992,2
2290,7729,226,5992,2
2043,7827,226,6225,2
2043,7827,226,6225,2
1928,7911,226,6386,2
1928,7911,226,6386,2
1802,7892,226,6466,2
1802,7892,226,6466,2
1803,7859,225,6507,2
1803,7859,225,6507,2
1847,7879,226,6536,2
1847,7879,226,6536,2
1873,7878,225,6562,2
1873,7878,225,6562,2
1974,7895,226,6517,2
1974,7895,226,6517,2
2180,7826,226,6291,2
2180,7826,226,6291,2
2327,7733,226,6041,2
2327,7733,226,6041,2
2456,7685,227,5825,2
2456,7685,227,5825,2
2498,7658,227,5733,2
2498,7658,227,5733,2
2466,7660,226,5876,2
2466,7660,226,5876,2
2283,7738,227,6129,2
2283,7738,227,6129,2
2032,7832,226,6318,2
2032,7832,226,6318,2
1892,7896,226,6417,2
1892,7896,226,6417,2
1846,7924,225,6477,2
1846,7924,225,6477,2
1801,7883,226,6503,2
1801,7883,226,6503,2
1819,7885,225,6513,2
1819,7885,225,6513,2
1830,7868,227,6499,2
1830,7868,227,6499,2
1929,7905,226,6539,2
1929,7905,226,6539,2
2216,7847,226,6404,2
2216,7847,226,6404,2
2547,7776,227,6158,2
2547,7776,227,6158,2
2693,7741,227,6003,2
2693,7741,227,6003,2
2724,7725,226,5913,2
2724,7725,226,5913,2
2693,7724,227,5929,2
2693,7724,227,5929,2
2353,7771,227,6132,2
2353,7771,227,6132,2
2073,7827,227,6288,2
2073,7827,227,6288,2
1948,7876,227,6396,2
1948,7876,227,6396,2
1868,7910,227,6470,2
1868,7910,227,6470,2
1854,7889,227,6496,2
1854,7889,227,6496,2
1861,7867,226,6522,2
1861,7867,226,6522,2
2346,7851,227,6263,2
2346,7851,227,6263,2
2330,7848,227,6269,2
2330,7848,227,6269,2
2068,7915,227,6387,2
2068,7915,227,6387,2
1911,7985,226,6474,2
1911,7985,226,6474,2
1843,8007,226,6515,2
1843,8007,226,6515,2
1826,8012,227,6539,2
1826,8012,227,6539,2
1839,7989,228,6546,2
1839,7989,228,6546,2
1933,8058,227,6595,2
1933,8058,227,6595,2
2036,8030,226,6548,2
2036,8030,226,6548,2
2231,7923,226,6370,2
2231,7923,226,6370,2
2369,7825,227,6098,2
2369,7825,227,6098,2
2519,7768,227,5771,2
2519,7768,227,5771,2
2550,7737,226,5603,2
2550,7737,226,5603,2
2494,7742,227,5738,2
2494,7742,227,5738,2
2283,7813,227,6084,2
2283,7813,227,6084,2
2080,7898,226,6335,2
2080,7898,226,6335,2
1949,7986,226,6506,2
1949,7986,226,6506,2
1862,8016,227,6558,2
1862,8016,227,6558,2
1853,7995,227,6559,2
1853,7995,227,6559,2
1851,7954,227,6536,2
1851,7954,227,6536,2
1903,8016,226,6586,2
1903,8016,226,6586,2
2036,8037,227,6601,2
2036,8037,227,6601,2
2222,7982,227,6453,2
2222,7982,227,6453,2
2417,7876,227,6217,2
2417,7876,227,6217,2
2495,7776,226,5979,2
2495,7776,226,5979,2
2552,7693,226,5712,2
2552,7693,226,5712,2
1713,7692,226,5802,2
1713,7692,226,5802,2
2325,7773,227,6068,2
2325,7773,227,6068,2
2168,7888,226,6286,2
2168,7888,226,6286,2
1995,8008,226,6492,2
1995,8008,226,6492,2
1938,8033,226,6540,2
1938,8033,226,6540,2
1919,7982,227,6582,2
1919,7982,227,6582,2
1932,7951,227,6611,2
1932,7951,227,6611,2
1970,7979,227,6617,2
1970,7979,227,6617,2
2050,8045,227,6604,2
2050,8045,227,6604,2
2261,7997,227,6496,2
2261,7997,227,6496,2
2397,7892,227,6267,2
2397,7892,227,6267,2
2558,7764,227,5955,2
2558,7764,227,5955,2
2659,7686,227,5671,2
2659,7686,227,5671,2
2657,7678,227,5655,2
2657,7678,227,5655,2
2516,7718,226,5833,2
2516,7718,226,5833,2
2184,7846,228,6154,2
2184,7846,228,6154,2
1915,7956,228,6341,2
1915,7956,228,6341,2
1864,7974,228,6424,2
1864,7974,228,6424,2
1916,7858,229,6458,2
1916,7858,229,6458,2
1937,7809,228,6483,2
1937,7809,228,6483,2
1934,7914,228,6490,2
1934,7914,228,6490,2
1970,7952,227,6516,2
1970,7952,227,6516,2
2172,7883,227,6404,2
2172,7883,227,6404,2
2357,7819,227,6158,2
2357,7819,227,6158,2
